{"cameraMode":{"drawMode":0,"name":"Shaded","section":"Shading Mode"},"sceneLighting":false,"audioPlay":false,"sceneViewState":{"showFog":true,"showMaterialUpdate":false,"showSkybox":false,"showFlares":true,"showImageEffects":true,"showParticleSystems":true,"showVisualEffectGraphs":true,"m_FxEnabled":true},"in2DMode":false,"pivot":{"x":-0.004512906074523926,"y":-6.601363658905029,"z":2.5761048793792726},"rotation":{"x":0.03394024074077606,"y":0.9567937850952148,"z":-0.1244102492928505,"w":0.26080259680747988},"size":1.9745380878448487,"orthographic":false}