{"cameraMode":{"drawMode":0,"name":"Shaded","section":"Shading Mode"},"sceneLighting":false,"audioPlay":false,"sceneViewState":{"showFog":true,"showMaterialUpdate":false,"showSkybox":false,"showFlares":true,"showImageEffects":true,"showParticleSystems":true,"showVisualEffectGraphs":true,"m_FxEnabled":true},"in2DMode":false,"pivot":{"x":1814.9534912109375,"y":1029.3074951171875,"z":-200.2082977294922},"rotation":{"x":-0.1706344485282898,"y":0.07230927795171738,"z":-0.0011664079502224923,"w":-0.9846769571304321},"size":16.715133666992189,"orthographic":false}