{"cameraMode":{"drawMode":0,"name":"Shaded","section":"Shading Mode"},"sceneLighting":true,"audioPlay":false,"sceneViewState":{"showFog":true,"showMaterialUpdate":true,"showSkybox":false,"showFlares":true,"showImageEffects":true,"showParticleSystems":true,"showVisualEffectGraphs":true,"m_FxEnabled":true},"in2DMode":false,"pivot":{"x":11.752117156982422,"y":-14.196904182434082,"z":0.010951142758131028},"rotation":{"x":-0.041494205594062808,"y":-0.9329516291618347,"z":0.11424729228019715,"w":-0.339864045381546},"size":0.23581469058990479,"orthographic":false}