{"cameraMode":{"drawMode":0,"name":"Shaded","section":"Shading Mode"},"sceneLighting":true,"audioPlay":false,"sceneViewState":{"showFog":true,"showMaterialUpdate":true,"showSkybox":false,"showFlares":true,"showImageEffects":true,"showParticleSystems":true,"showVisualEffectGraphs":true,"m_FxEnabled":true},"in2DMode":false,"pivot":{"x":10.850188255310059,"y":-13.521977424621582,"z":4.128776550292969},"rotation":{"x":0.010418103076517582,"y":-0.9885827302932739,"z":0.07755935937166214,"w":0.13141776621341706},"size":0.23581469058990479,"orthographic":false}