{"cameraMode":{"drawMode":0,"name":"Shaded","section":"Shading Mode"},"sceneLighting":false,"audioPlay":false,"sceneViewState":{"showFog":true,"showMaterialUpdate":false,"showSkybox":false,"showFlares":true,"showImageEffects":true,"showParticleSystems":true,"showVisualEffectGraphs":true,"m_FxEnabled":true},"in2DMode":false,"pivot":{"x":1055.4232177734375,"y":217.0382537841797,"z":1083.5628662109375},"rotation":{"x":-0.04547769948840141,"y":0.021931741386651994,"z":0.0044716959819197659,"w":-1.001110315322876},"size":1102.4464111328125,"orthographic":false}