{"cameraMode":{"drawMode":0,"name":"Shaded","section":"Shading Mode"},"sceneLighting":false,"audioPlay":false,"sceneViewState":{"showFog":true,"showMaterialUpdate":false,"showSkybox":false,"showFlares":true,"showImageEffects":true,"showParticleSystems":true,"showVisualEffectGraphs":true,"m_FxEnabled":true},"in2DMode":false,"pivot":{"x":1254.9786376953125,"y":289.9405517578125,"z":1088.7904052734375},"rotation":{"x":-0.028707057237625123,"y":-0.02323024719953537,"z":0.006135732401162386,"w":-1.0016931295394898},"size":1102.4464111328125,"orthographic":false}