{"cameraMode":{"drawMode":0,"name":"Shaded","section":"Shading Mode"},"sceneLighting":false,"audioPlay":false,"sceneViewState":{"showFog":true,"showMaterialUpdate":false,"showSkybox":false,"showFlares":true,"showImageEffects":true,"showParticleSystems":true,"showVisualEffectGraphs":true,"m_FxEnabled":true},"in2DMode":false,"pivot":{"x":1.6979999542236329,"y":-6.416999816894531,"z":3.7960000038146974},"rotation":{"x":-0.030159566551446916,"y":0.895508348941803,"z":0.06166224926710129,"w":0.43991518020629885},"size":1.9745389223098755,"orthographic":false}