{"cameraMode":{"drawMode":0,"name":"Shaded","section":"Shading Mode"},"sceneLighting":false,"audioPlay":false,"sceneViewState":{"showFog":true,"showMaterialUpdate":false,"showSkybox":false,"showFlares":true,"showImageEffects":true,"showParticleSystems":true,"showVisualEffectGraphs":true,"m_FxEnabled":true},"in2DMode":false,"pivot":{"x":2.6962625980377199,"y":-6.761110782623291,"z":4.739162921905518},"rotation":{"x":-0.0005048673483543098,"y":0.9750730991363525,"z":0.002645190805196762,"w":0.22225871682167054},"size":1.9745382070541382,"orthographic":false}