{"cameraMode":{"drawMode":0,"name":"Shaded","section":"Shading Mode"},"sceneLighting":true,"audioPlay":false,"sceneViewState":{"showFog":true,"showMaterialUpdate":false,"showSkybox":true,"showFlares":true,"showImageEffects":true,"showParticleSystems":true,"showVisualEffectGraphs":true,"m_FxEnabled":true},"in2DMode":false,"pivot":{"x":1.6180156469345093,"y":-5.633760452270508,"z":3.8382346630096437},"rotation":{"x":0.0036883132997900249,"y":0.9715113639831543,"z":-0.014859436079859734,"w":0.2368346005678177},"size":1.974537968635559,"orthographic":false}