{"cameraMode":{"drawMode":0,"name":"Shaded","section":"Shading Mode"},"sceneLighting":true,"audioPlay":false,"sceneViewState":{"showFog":true,"showMaterialUpdate":false,"showSkybox":true,"showFlares":true,"showImageEffects":true,"showParticleSystems":true,"showVisualEffectGraphs":true,"m_FxEnabled":true},"in2DMode":false,"pivot":{"x":2.838489532470703,"y":0.32040363550186159,"z":-12.320743560791016},"rotation":{"x":0.012463629245758057,"y":0.19836744666099549,"z":0.005673518870025873,"w":-0.9835549592971802},"size":0.46080464124679568,"orthographic":false}