{"cameraMode":{"drawMode":0,"name":"Shaded","section":"Shading Mode"},"sceneLighting":true,"audioPlay":false,"sceneViewState":{"showFog":true,"showMaterialUpdate":true,"showSkybox":true,"showFlares":true,"showImageEffects":true,"showParticleSystems":true,"showVisualEffectGraphs":true,"m_FxEnabled":true},"in2DMode":false,"pivot":{"x":4.456575393676758,"y":4.418637275695801,"z":14.484554290771485},"rotation":{"x":-0.019095586612820627,"y":0.9654776453971863,"z":-0.0944504365324974,"w":-0.24563701450824738},"size":1.3709187507629395,"orthographic":false}