{"cameraMode":{"drawMode":0,"name":"Shaded","section":"Shading Mode"},"sceneLighting":true,"audioPlay":false,"sceneViewState":{"showFog":true,"showMaterialUpdate":true,"showSkybox":true,"showFlares":true,"showImageEffects":true,"showParticleSystems":true,"showVisualEffectGraphs":true,"m_FxEnabled":true},"in2DMode":false,"pivot":{"x":-0.015125888399779797,"y":2.170806646347046,"z":-6.593332290649414},"rotation":{"x":-0.020686158910393716,"y":0.005015380214899778,"z":0.00342584028840065,"w":1.0003095865249634},"size":1.9821360111236573,"orthographic":false}