{"cameraMode":{"drawMode":0,"name":"Shaded","section":"Shading Mode"},"sceneLighting":true,"audioPlay":false,"sceneViewState":{"showFog":true,"showMaterialUpdate":true,"showSkybox":true,"showFlares":true,"showImageEffects":true,"showParticleSystems":true,"showVisualEffectGraphs":true,"m_FxEnabled":true},"in2DMode":false,"pivot":{"x":493.7335510253906,"y":407.2810363769531,"z":-25.241104125976564},"rotation":{"x":-0.26731210947036745,"y":0.08161991834640503,"z":-0.027794314548373224,"w":-0.9606738090515137},"size":177.00875854492188,"orthographic":false}