{"cameraMode":{"drawMode":0,"name":"Shaded","section":"Shading Mode"},"sceneLighting":true,"audioPlay":false,"sceneViewState":{"showFog":true,"showMaterialUpdate":true,"showSkybox":true,"showFlares":true,"showImageEffects":true,"showParticleSystems":true,"showVisualEffectGraphs":true,"m_FxEnabled":true},"in2DMode":false,"pivot":{"x":-0.31555670499801638,"y":2.9068686962127687,"z":0.7793543338775635},"rotation":{"x":0.1522613763809204,"y":-0.7007937431335449,"z":0.16174158453941346,"w":0.6790274977684021},"size":1.9821360111236573,"orthographic":false}