{"cameraMode":{"drawMode":0,"name":"Shaded","section":"Shading Mode"},"sceneLighting":true,"audioPlay":false,"sceneViewState":{"showFog":true,"showMaterialUpdate":true,"showSkybox":true,"showFlares":true,"showImageEffects":true,"showParticleSystems":true,"showVisualEffectGraphs":true,"m_FxEnabled":true},"in2DMode":false,"pivot":{"x":3.0586764812469484,"y":0.49178963899612429,"z":-5.482331275939941},"rotation":{"x":-0.04429259151220322,"y":-0.7200474739074707,"z":0.034867916256189349,"w":-0.6931847929954529},"size":1.2969709634780884,"orthographic":false}