{"cameraMode":{"drawMode":0,"name":"Shaded","section":"Shading Mode"},"sceneLighting":true,"audioPlay":false,"sceneViewState":{"showFog":true,"showMaterialUpdate":false,"showSkybox":true,"showFlares":true,"showImageEffects":true,"showParticleSystems":true,"showVisualEffectGraphs":true,"m_FxEnabled":true},"in2DMode":false,"pivot":{"x":0.7524434924125671,"y":-6.7409772872924809,"z":4.818453788757324},"rotation":{"x":0.051962655037641528,"y":0.9474132061004639,"z":-0.24121491611003877,"w":0.20402882993221284},"size":1.9821360111236573,"orthographic":false}