{"cameraMode":{"drawMode":0,"name":"Shaded","section":"Shading Mode"},"sceneLighting":true,"audioPlay":false,"sceneViewState":{"showFog":true,"showMaterialUpdate":true,"showSkybox":true,"showFlares":true,"showImageEffects":true,"showParticleSystems":true,"showVisualEffectGraphs":true,"m_FxEnabled":true},"in2DMode":false,"pivot":{"x":-247.2864227294922,"y":38.320823669433597,"z":-1387.75634765625},"rotation":{"x":0.0013531279982998968,"y":0.9964293837547302,"z":0.011620872654020787,"w":-0.0876617357134819},"size":716.6043701171875,"orthographic":false}