{"cameraMode":{"drawMode":0,"name":"Shaded","section":"Shading Mode"},"sceneLighting":true,"audioPlay":false,"sceneViewState":{"showFog":true,"showMaterialUpdate":false,"showSkybox":false,"showFlares":true,"showImageEffects":true,"showParticleSystems":true,"showVisualEffectGraphs":true,"m_FxEnabled":true},"in2DMode":false,"pivot":{"x":-16.237506866455079,"y":15.602355003356934,"z":1.3615177869796754},"rotation":{"x":-0.016135159879922868,"y":0.8021707534790039,"z":0.021263951435685159,"w":0.5967826843261719},"size":0.6898318529129028,"orthographic":false}