{"cameraMode":{"drawMode":0,"name":"Shaded","section":"Shading Mode"},"sceneLighting":true,"audioPlay":false,"sceneViewState":{"showFog":true,"showMaterialUpdate":false,"showSkybox":false,"showFlares":true,"showImageEffects":true,"showParticleSystems":true,"showVisualEffectGraphs":true,"m_FxEnabled":true},"in2DMode":false,"pivot":{"x":-17.24476432800293,"y":15.704611778259278,"z":1.0196691751480103},"rotation":{"x":-0.006845897063612938,"y":0.7583655118942261,"z":0.007554756011813879,"w":0.6520071625709534},"size":0.6898318529129028,"orthographic":false}