{"cameraMode":{"drawMode":0,"name":"Shaded","section":"Shading Mode"},"sceneLighting":false,"audioPlay":false,"sceneViewState":{"showFog":true,"showMaterialUpdate":false,"showSkybox":false,"showFlares":true,"showImageEffects":true,"showParticleSystems":true},"in2DMode":false,"pivot":{"x":1.9476990699768067,"y":-6.974348068237305,"z":5.100801944732666},"rotation":{"x":-0.08742035925388336,"y":0.3446130156517029,"z":-0.03224911913275719,"w":-0.9341577291488648},"size":1.9821357727050782,"orthographic":false}