{"cameraMode":{"drawMode":0,"name":"Shaded","section":"Shading Mode"},"sceneLighting":false,"audioPlay":false,"sceneViewState":{"showFog":true,"showMaterialUpdate":false,"showSkybox":false,"showFlares":true,"showImageEffects":true,"showParticleSystems":true},"in2DMode":false,"pivot":{"x":3.6198511123657228,"y":-7.067503929138184,"z":5.539150714874268},"rotation":{"x":0.12144593149423599,"y":-0.03306841477751732,"z":0.004058801103383303,"w":0.9920787215232849},"size":1.9821357727050782,"orthographic":false}